Type,Name,Request Count,Failure Count,Median Response Time,Average Response Time,Min Response Time,Max Response Time,Average Content Size,Requests/s,Failures/s,50%,66%,75%,80%,90%,95%,98%,99%,99.9%,99.99%,100%
POST,/api/v1/todos/,2441,0,39,125.50606972551634,5.689700000402809,1253.7147000002733,258.0,41.906538392161714,0.0,39,85,140,190,360,480,1100,1100,1200,1300,1300
GET,/api/v1/todos?query=reactjs&complete=false,838,0,110.0,206.45275560858246,11.182000000189873,1198.3328000005713,218077.96897374702,14.386595318570878,0.0,110,200,270,350,510,610,1100,1100,1200,1200,1200
,Aggregated,3279,0,60,146.19326788654425,5.689700000402809,1253.7147000002733,55925.31747483989,56.29313371073259,0.0,60,110,180,230,410,530,1100,1100,1200,1300,1300
